audio_id,section,text_reference,filename,status,notes
unit11_lesson01_model,Lesson 1,sunny / rainy / windy / cloudy,unit11_lesson01_model.mp3,placeholder only,block-level audio icon only
unit11_lesson02_model,Lesson 2,It's sunny. / It's rainy.,unit11_lesson02_model.mp3,placeholder only,block-level audio icon only
unit11_lesson03_model,Lesson 3,It's windy. / It's cloudy.,unit11_lesson03_model.mp3,placeholder only,block-level audio icon only
unit11_lesson04_model,Lesson 4,coat / hat / boots / T-shirt / shoes / umbrella / jacket / sweater,unit11_lesson04_model.mp3,placeholder only,block-level audio icon only
unit11_lesson05_model,Lesson 5,Sunny day: choose a hat. / Rainy day: choose boots. / Rainy day: choose an umbrella.,unit11_lesson05_model.mp3,placeholder only,block-level audio icon only
unit11_lesson06_model,Lesson 6,It's rainy. Choose boots. / It's sunny. Choose a hat. / It's windy. Choose a jacket.,unit11_lesson06_model.mp3,placeholder only,block-level audio icon only
unit11_lesson07_model,Lesson 7,It's rainy. Choose boots. Choose an umbrella. / It's sunny. Choose a hat.,unit11_lesson07_model.mp3,placeholder only,block-level audio icon only
unit11_watch_script,Watch,The Weather Window watch lines,unit11_watch_script.mp3,placeholder only,block-level audio icon only
unit11_project_model,Project,Project model chunks,unit11_project_model.mp3,placeholder only,block-level audio icon only
