Section,Lesson Title,Can-do Focus,Input Type,KP Focus,Vocabulary Focus,Image IDs,Practice Plan,Output / Repair
Lesson 1,Family Words,I can recognize family and friend words.,Picture-word cards + short listen model,VOC family/friend words,"family, mom, dad, sister, brother, grandma, grandpa, friend","IMG02, IMG03","12 items: picture match, word choice, listen-and-choose, color/icon match",Repair: picture-word review.
Lesson 2,This Is My…,I can say This is my… with a photo card.,Model card + mini dialogue,Chunk: This is my…,"mom, dad, friend, dog","IMG04, IMG05","12 items: chunk completion, choose best sentence, card-to-sentence match",Output: say 2 chunks.
Lesson 3,Who’s This?,I can ask and answer Who’s this?,Question bubble + reply model,Question chunk + answer chunk,Who’s this? It’s my…,"IMG06, IMG07","12 items: question/reply matching, sequence, choose best reply",Repair: question vs answer sorting.
Lesson 4,Family and Friends,I can introduce a friend or Toto.,Friend card scene,Inclusive family/friend use,"friend, dog, Toto","IMG08, IMG09","12 items: family/friend sorting, sentence match",Output: This is my friend.
Lesson 5,Read a Mini Tree,I can read very short family/friend lines.,Mini reading card,Reading recognition,This is my mom. This is my friend.,"IMG10, IMG11","12 items: read-match, true/false, choose picture",Repair: reread with picture clues.
Lesson 6,Make a Picture Tree,I can plan my family/friend poster.,Project planning model,Project phrase bank,"tree, photo, card, family, friend","IMG12, IMG13","12 items: choose project words, organize cards, label practice",Output: draft poster labels.
Lesson 7,Say and Show,I can show my poster and say 3–4 lines.,Presentation model,Speaking production chunks,This is my… / This is Toto.,"IMG14, IMG15","12 items: sentence order, presentation readiness, self-check",Output: short recording/presentation.
Watch,Toto’s Photo Tree,I can understand a short family/friend story.,Video/slideshow storyboard,Review all Unit 10 chunks,"family, mom, dad, friend, dog, tree",IMG16–IMG20,"12 items: word recognition, simple detail, sequence, choose reply",Repair: replay + transcript/picture clues.
Final Project,My Family/Friend Poster,I can make and present a poster.,Project model + readiness checks,Project output,family/friend words + This is my…,IMG21–IMG24,"12 readiness items: checklist, phrase choice, model comparison",Portfolio: poster + voice lines.
