course,unit,section,cefr_band,can_do,kp_target,lesson_input,practice_items,watch_link,project_link,repair_link,portfolio_link
Adventure English World V2,11,Lesson 1,Pre-A1.2,I can point to and say weather words.,VOC: weather words; LST: listen and point; SP: repeat single words,"Look at the weather window. Point to the weather. Say one word: sunny, rainy, windy, or cloudy. | Model: sunny / rainy / windy / cloudy",AEW2-U011-L1-Q01–Q12,,,Point to one weather picture. Say the weather word.,
Adventure English World V2,11,Lesson 2,Pre-A1.2,I can say It's sunny and It's rainy.,CHK: It's ...; VOC: sunny/rainy; RDG/LST: simple sentence recognition,Look outside. Use the chunk It's ... with sunny or rainy. | Model: It's sunny. / It's rainy.,AEW2-U011-L2-Q01–Q12,,,Choose one window picture. Say: It's sunny. or It's rainy.,
Adventure English World V2,11,Lesson 3,Pre-A1.2,I can say It's windy and It's cloudy.,CHK: It's ...; VOC: windy/cloudy; LST/RDG weather recognition,Look for moving leaves for windy. Look for many clouds for cloudy. | Model: It's windy. / It's cloudy.,AEW2-U011-L3-Q01–Q12,,,Point to the window. Say: It's windy. or It's cloudy.,
Adventure English World V2,11,Lesson 4,Pre-A1.2,I can name simple clothes.,VOC: clothes words; LST: listen and point; SP: repeat single words,Look at the clothes. Point and say one clothes word. | Model: coat / hat / boots / T-shirt / shoes / umbrella / jacket / sweater,AEW2-U011-L4-Q01–Q12,,,Choose one clothes picture. Say the clothes word.,
Adventure English World V2,11,Lesson 5,Pre-A1.2,I can choose clothes for the weather.,MED: choose for weather; CHK: Choose ...; VOC weather/clothes,Look at the weather. Choose one or two clothes items. | Model: Sunny day: choose a hat. / Rainy day: choose boots. / Rainy day: choose an umbrella.,AEW2-U011-L5-Q01–Q12,,,Look at one weather picture. Choose clothes for it.,
Adventure English World V2,11,Lesson 6,Pre-A1.2,I can help a friend choose clothes.,SI/MED: help a friend; CHK: Choose ... for ...; review weather/clothes,A friend looks at the weather. Help with one short choice. | Model: It's rainy. Choose boots. / It's sunny. Choose a hat. / It's windy. Choose a jacket.,AEW2-U011-L6-Q01–Q12,,,"Help Mia, Leo, or Emma. Say one short choice.",
Adventure English World V2,11,Lesson 7,Pre-A1.2,I can make a simple weather choice card.,PRJ: Weather Choice Card; SP/WRT: short project model; review It's ... + choose ...,A weather choice card has one weather picture and matching clothes pictures. | Model: It's rainy. Choose boots. Choose an umbrella. / It's sunny. Choose a hat.,AEW2-U011-L7-Q01–Q12,,Weather Choice Card,Make your card. Say the weather and one clothes choice.,Weather Choice Card
Adventure English World V2,11,Watch,Pre-A1.2,I can understand a short weather-and-clothes story.,LST: main idea/detail; VOC weather/clothes; CHK It's ... / Choose ...,Watch script: The Weather Window,AEW2-U011-W-Q01–Q12,The Weather Window,Weather Choice Card,Replay / reread Watch lines and match weather to clothes.,
Adventure English World V2,11,Project,Pre-A1.2,I can make and share a Weather Choice Card.,PRJ: weather picture + clothes pictures + short spoken chunk,Project model card and phrase bank,AEW2-U011-P-Q01–Q12,Watch project connection,My Weather Choice Card,Use IMG18/IMG19 and one short sentence frame.,Weather Choice Card
