section,item_count,quiz_type_mix,kp_target,repair_link
Lesson 1 Say Hello,12,Audio choice; Audio-picture match; Cloze; Dialogue choice; Picture choice; Repair choice; Scene choice; Sorting; True / false; Word-picture match,Greeting recognition and production,U1-RP-GREETING
Lesson 2 I’m Leo,12,Audio choice; Cloze; Match; Model choice; Phrase choice; Picture choice; Repair choice; Word order,I’m + name as a memorized chunk,U1-RP-IM-NAME
Lesson 3 What’s Your Name?,12,Audio choice; Cloze; Dialogue order; Match; Phrase choice; Picture choice; Repair choice; Response choice; True / false,Fixed name question + answer,U1-RP-QA-ORDER
Lesson 4 Hi and Bye,12,Audio choice; Cloze; Phrase choice; Repair choice; Scene choice; Sequence choice; Sorting; Word-picture match,Greeting vs goodbye contrast,U1-RP-HELLO-GOODBYE
Lesson 5 Meet the Team,12,Audio choice; Character clue; Greeting choice; Phrase match; Picture-name match; Repair choice; Sequence choice,Character names + greetings,U1-RP-CHARACTER-NAME
Lesson 6 My Name Card,12,Checklist; Cloze; Copy phrase; Model choice; Phrase choice; Portfolio match; Project check; Project object choice; Project object match; Repair choice; Step order,Name card preparation; copied phrase I’m ___.,U1-RP-NAME-CARD
Lesson 7 My Voice Greeting,12,Audio checklist; Checklist; Ordering; Phrase choice; Project boundary; Recording choice; Repair choice; Sequence choice; Strategy choice,Final greeting sequence,U1-RP-FINAL-GREETING
Watch The Hello Gate,12,Audio choice; Goodbye; Main idea; Match; Ordering; Phrase recognition; Repair choice; Response choice; Video detail,greeting recognition; name phrase recognition; goodbye sequence,U1-RP-WATCH-HELLO-GATE
Final Project My Hello Adventure Name Card,12,Boundary choice; Card checklist; Final checklist; Ordering; Portfolio evidence; Project choice; Repair choice; Script choice; Voice checklist,voice greeting + name card; Hello. I’m ___. Goodbye.,U1-RP-PROJECT-READY
