section,title,images,focus,can_do,practice_items
L1,"Lesson 1 — Hello, Color Quest!",Images: 2–3,hello review + first colors,I can join the quest and say a color word.,12
L2,Lesson 2 — Meet the Colors,Images: 4–5,10 color words,I can match color words to color cards.,12
L3,Lesson 3 — It’s Red!,Images: 6–8,It’s + color,I can say It’s + color.,12
L4,Lesson 4 — Color Objects,Images: 9–10,color + simple classroom object support,I can choose the color of a classroom object.,12
L5,Lesson 5 — Color Clue Hunt,Images: 11–13,listening for color clues,I can listen and choose a color clue.,12
L6,Lesson 6 — Toto’s Color Story,Images: 14–16,"review all colors + Toto finds brown, orange, pink",I can review colors in a tiny story.,12
L7,Lesson 7 — My Color Mini-Poster,Images: 17–20,project rehearsal,I can make and say my color poster.,12
WATCH,Watch — Toto’s Color Clues,Video only,watch and choose colors,I can watch and choose the colors.,12
PROJECT,Final Project — My Color Quest Mini-Poster,Images: 18–20,portfolio output,I can show colors and record a short greeting.,12
